username,time,date,post,query
@Celebrities24x7,17:06:35,2024-05-30,Celebrities wonder if endorsing Biden 'worth' the scrutiny in increasingly polarized world: Report - Fox News,celebrities
@Celebritygenie,17:06:29,2024-05-30,Nah you sabi.,celebrities
@ZackDTaylor,17:06:26,2024-05-30,Why are lying Zionists like you always at the top of the Twitter feed even though I never follow celebrity Zionists?,celebrities
@bobsmith1819,17:06:21,2024-05-30,Makes sense to me. Who cares about what celebrities think or do?,celebrities
@Celebrity19_,17:06:15,2024-05-30,Ahswear down ,celebrities
@muzukihisa,17:06:06,2024-05-30,"A Taiwan celebrity named Mizuki Lin (ÊûóË•Ñ)‚Äôs birthday‚Äôs on Sept. 5.

I dislike a Cantonese speaking obese-ish racist female principal with obvious double eyelids whose birthday‚Äôs also on Sept. 5, but I need everyone to know it‚Äôs an exceptionÔºçI DON‚ÄôT DISLIKE THE BIRTHDAY SEPT. 5.",celebrities
@itzrocky_24,17:06:04,2024-05-30,TL new Celebrity neethan ,celebrities
@sweetztjenz,17:06:01,2024-05-30,They are in the government. They are the celebrities you see. Most of them are inverts as well aka the opposite gender. @MAVERIC68078049 exposes them.,celebrities
@SteveSNunya,17:05:59,2024-05-30,"He‚Äôs a celebrity.

And you‚Äôre the one who wants someone to be prez because he‚Äôs you‚Äôre favorite celebrity, so ",celebrities
@0xbobx,17:05:57,2024-05-30,checking the timeline to see if we have stopped talking about celebrities yet,celebrities
@TheCryptoviser,17:05:44,2024-05-30,"NEW VIDEO

$ICP, Aptos, NEAR are WINNING | BITFARMS ""TAKEOVER"" | BUYING SOLANA | Celebrity SH!TCOINS

Watch on my channel ",celebrities
@HCristyn_,17:05:42,2024-05-30,"Eh, what pro pal army am I attacking? I simply don't agree with army limiting their activism to celebrities. Not listening to b7s music will not make that disgusting  be fired, he is protected by his country's law.",celebrities
@AwaisQasimOO7,17:05:39,2024-05-30,"Yes they are just like you ,you are paid to instigate people against these celebrities who are supporting Palestine.",celebrities
@WigleyRobyn,17:05:30,2024-05-30,"Why do celebrities think that we the people care what they think, I am an individual with my own beliefs, just because they are not the same as yours doesn‚Äôt make me bad, I have the right to my own opinion.",celebrities
@biggestjiminer,17:05:30,2024-05-30,i do realize celebrities being propal is Rare atp but we rly jus want 4 smth 2 change n that they use their big platforms 2 put donation links n share propal posts or speak up fully ab it,celebrities
@XIIISerendipity,17:05:29,2024-05-30,"‚ÄúBts downfall‚Äù Yes, that's what they want and they don't care about the issue... Fuck you who don't move unless the celebrities talk",celebrities
@CanadaDistress,17:05:23,2024-05-30,"And....there goes another ""celebrity"" I'll never watch/listen to again",celebrities
@Official_TVC,17:05:22,2024-05-30,"THE WAY MY HEART DROPPED!!!
VIVIANNE!!!! STOP PLAYING WITH MEEEEEEE!!!!! ",celebrities
@wildflowerjoon_,17:05:21,2024-05-30,Many celebrities have spoken up and their careers are just fine. There‚Äôs no excuse for BTS  continued silence. #SpeakYourself #ARMYSforPalestine,celebrities
@Vitaminndeee,17:05:20,2024-05-30,Thank you for posting someone you know and not a celebrity. She looks amazing by the way ,celebrities
@jajjangmyeon___,17:05:18,2024-05-30,"I used to love Agnez Mo, but I'm so disappointed  when she posted this IGS. I thought she was smart, but how could she be this clueless? She said to stop the 'war'. What war?  And now her fans are backing her up? NOPE! I would never support a celebrity over humanity ",celebrities
@imluidji,17:05:17,2024-05-30,"¬´¬†Veni, vidi, vici, they‚Äôre too stupidici, it was so easyci¬†¬ª - a random washed up celebrity",celebrities
@naluoak,17:05:17,2024-05-30,"as the south american girlies that we are, dealing with political chaos, climate crisis and boring people, me and @jxnastrangers want you people and celebrities to CHILL

bc we are tired for the chaos, confusion and madness being presented recently",celebrities
@ellepleurenft,17:05:17,2024-05-30,Nice Davido lmaoooo celebrities memecoin printing hard huh ???,celebrities
@Lgrng0,17:05:16,2024-05-30,"Biden: if people protesting the current genocide I‚Äôm complicit with stormed the capitol, I‚Äôd send in stormtroopers to bash their skulls in & charge everyone as a terrorist.",celebrities
@LauraLAbythesea,17:05:12,2024-05-30,I always thought he was slimy and it‚Äôs beyond me what people see in Trump.  Unfortunately America has become a nation of celebrity worshipers. People who are famous for being famous. TFG isn‚Äôt a smart thinker  or a amusing performer. Poor America,celebrities
@boredandsloppyj,17:05:11,2024-05-30,"Don‚Äôt be so humble Epik, you are a celebrity",celebrities
@yoonsoonbby,17:05:10,2024-05-30,"i can admit i tend to have low expectations of celebrities, but i know i should require more from the ones i support. i was focused on the company before but these idols have so much influence. sucks that we have to beg for a show of solidarity.",celebrities
@speaklaur,17:05:09,2024-05-30,"notice how much of a difference nicola coughlan has made, how many celebrities have started to speak out and donate since she used her time in the spotlight on the bridgerton press tour to speak out!! celebrities DO and WILL make a difference.",celebrities
@C0deW1zard,17:05:09,2024-05-30,"I want to make money, can we move on with this shit celebrity wars coins? We are wasting time",celebrities
@countingcloudss,17:05:09,2024-05-30,I occasionally check in on the ones I dislike most so I can block people liking their tweets and nah they don't rage about any other celebrities or companies - they literally only drag bts into it. they're obsessive antis at this point,celebrities
@EbukaFX,17:05:09,2024-05-30,shill me the next celebrity contract address NOOB,celebrities
@MaeveB___,17:05:07,2024-05-30,Penn badgley one of the only truly sex make celebrities,celebrities
@kaviarmoire,17:05:07,2024-05-30,Celebrities still faking that hacked shit? girl go lay,celebrities
@Hecraves_ky,17:05:06,2024-05-30,lollll nepo babies do not have to have any big job or anything their called nepo babies because they family wealthy/celebrities ,celebrities
@USAS_WW1,17:05:06,2024-05-30,"I love it! We have a house here in Smyrna, Georgia with a distinctly Japanese upturned roof, etc. And on I-85 heading north of Atlanta, there is a Chinese church that has similar styling cues!",celebrities
@loveyouinadream,17:05:06,2024-05-30,my random celebrity ish connection is that my best friend is part of this family.,celebrities
@jadynviolet,17:05:02,2024-05-30,"While everyone is raving over celebrities dropping meme coins and people getting screwed over

We just dropped a beautiful short film that we spent 12 hours on 

This is for all the creatives, shout out to the real ones appreciating this <4",celebrities
@ZachsMind,17:04:59,2024-05-30,Hank Green's rudest celebrity encounter,celebrities
@Celebritygenie,17:04:53,2024-05-30,Lol.. indeed.,celebrities
@_Sam8888,17:04:48,2024-05-30,Imran bhai you are a celebrity now and always.,celebrities
@RCBboi2,17:04:46,2024-05-30,Can I b ur frnd so I can b celebrity in future?,celebrities
@crippocketz,17:04:46,2024-05-30,No because your slow and acting as if they don‚Äôt 50/50 to lol. They don‚Äôt have this conversation because they‚Äôre women ain‚Äôt on social media everyday bashing them they ain‚Äôt on the shaderoom talking about bs celebrities n stuff lol,celebrities
@MissDSiLver,17:04:46,2024-05-30,Ridiculous. How would anybody know what to think if all celebrities did was gm and post cats and booba and stuff all day?,celebrities
@spawnofcupid,17:04:44,2024-05-30,"I do! & I'll admit it, because music heals & it's important. But I still hold artists/celebrities accountable by speaking up & I do stop supporting artists when they prove to be ignorant, hateful, abusive, etc. & honestly, artists make pennies when it comes to streams.",celebrities
@renaissownce,17:04:33,2024-05-30,"and you say a post will do nothing about the ongoing genocide? a link was shared and each celebrity did what they were supposed to. Kehlani's speech really changed the course of things. celebrities are not being held back, they just choose not to speak out.",celebrities
@muzukihisa,17:04:31,2024-05-30,"I‚Äôve a problem with people saying YiFei Liu and I have the same accent when we speak English because THERE ARE MANY OTHER celebrities who sound closer to my accent when I speak English but others won‚Äôt stop connecting YiFei Liu to me. 

It‚Äôs the same with my celebrity lookalike",celebrities
@marto_gm,17:04:29,2024-05-30,just send the goddamn CA you stupid celebrity and lets be over with this,celebrities
@Simonsays_48,17:04:21,2024-05-30,Which celebrity are we buying today?,celebrities
@muzukihisa,17:04:20,2024-05-30,"If anyone implies my accent when I speak English sounds similar to how the Hong Kong, China celebrity Ian Chan <Cheuk-Yin Chan> (Èô≥ÂçìË≥¢) sounds like in this video, they‚Äôre very suspicious.

There‚Äôre others who‚Äôve an accent more similar to mine when I speak English, so why him?",celebrities
@RNN_RoyalNews,17:04:16,2024-05-30,"You know royals ARE NOT celebrities, right? Monarchs across Europe serve as Head of State and even the military sometimes. They are greeted and welcomed by other Heads of State as they are the official representatives of their countries to the broader political world. They also",celebrities
@JayAIM3,17:04:14,2024-05-30,"$DOG is what an Ideal meme coins should be

NO VC to Dump on You
No Celebrity to Rug
No Team Tokens to Dump
No Unfair Distribution
No Paid Promo
No Gift to Influencer

Just Fair Random Airdrop #Crypto #BTC #ETH #BINANCE",celebrities
@katseyeyecon,17:04:13,2024-05-30,"Government. It's also an important factor school and family, not just celebrities (also bc it's a bit embarrassing).",celebrities
@luxurylifestyle,17:04:05,2024-05-30,The Suite Life: Celebrity Cruises Elevates 'The Retreat' Experience https://luxurylifestyle.com/headlines/the-suite-life-celebrity-cruises-elevates-the-retreat-experience.html‚Ä¶ #cruise # adventure #travel #luxurylifestyle,celebrities
@USAS_WW1,17:04:03,2024-05-30,"Sophie, I've visited Paul Cret's Hill 204 Monument most of my life. On the other side of Paris is his Lafayette Escadrille Monument...",celebrities
@corsairdiv,17:04:01,2024-05-30,"The genocide in Palestine is above celebrity culture, but the least we can also do is make sure our ""faves"" don't continue to fund and promote these businesses. And I only focus on the business part, because there is no way they're unaware of the ongoing Genocide in Palestine.",celebrities
@latkedelrey,17:03:59,2024-05-30,"nothing will make u hate celebrity more than seeing how many resources they have and how little they do for the world and others when they could do so much, especially when really horrible things are happening :‚Äô)",celebrities
@911eth,17:03:57,2024-05-30,"Celebrity is only a human
We need go back to God

It reminds me of something at $SOL
$USA = $CHRIST
$CHINA = $BUDDHA
$UAE = $ISLAM
$INDIA = $HINDU
$ISRAEL = $JEWISH

Choose your fav",celebrities
@XViralNews7,17:03:56,2024-05-30,Former President¬†Donald Trump¬†is attracting growing support as he vies for another term in the White House with a lots of black celebrities supporting him.,celebrities
@gothamkingg,17:03:54,2024-05-30,"Lol 

All celebrity tokens eventually go to zero",celebrities
@Sarajaw18985559,17:03:53,2024-05-30,Wait a min what's wrong in taking money for tweeting do u seriously think celebrities  don't take money for using an app ? What kinda stupid logic is that ? If he has a following and people would love to see his tweet there is absolutely nothing wrong with earning from an app,celebrities
@whineandchill,17:03:52,2024-05-30,If Nicola Coughlan who has 4.5M followers can do this you can imagine what Taylor Swift with 283M followers can do. But she wont. Because she is a fucking loser. Joining the list of endless celebrities who all are fucking losers and cowards and spineless and ya LOSERS.,celebrities
@hstylesisjagger,17:03:44,2024-05-30,dont get celebrities off of shein ,celebrities
@BallerThrowdown,17:03:39,2024-05-30,"wannabe celebrity, was a nerd his whole life trying to play catch up",celebrities
@Lgrng0,17:03:32,2024-05-30,"Thats rubbish.

Just look at the demographics before Oct 7.

You just have cognitive dissonance & you don‚Äôt even give a single fuck about blood libels when you throw the phrase around like you‚Äôre doing.

It‚Äôs gross.",celebrities
@SuccessMalefa,17:03:32,2024-05-30,Celebrity wallpapers ,celebrities
@darla_littleton,17:03:30,2024-05-30,"As a fan of Tim McGraw, I hope he wasn't aware of the controversy and is not just another woke celebrity.",celebrities
@Me4Shiva,17:03:26,2024-05-30,Exactly! Shame on these celebrities who pick and choose the side that suits them.,celebrities
@0xBender,17:03:21,2024-05-30,@blknoiz06 you have been asking everyone to give you the answer to celebrity on boarding and despite most of the TL already doing so - here is a literal script of how celebrities can be successful here and not be pure value extractors. Keep it simple,celebrities
@whenwasitnot,17:03:18,2024-05-30,"The exorcist celebrity circuit is problematic for sure. Like I said, their bishop needs to get involved then 1000%",celebrities
@katseyeyecon,17:03:13,2024-05-30,"I do understand the celebrity influence, but with so many zionist around the world especially in USA and in Europe don't expect to see much, in italybthere are a lot of influencial artists thatbare speaking about it but its either people are dont care or they are silenced by the",celebrities
@RubyShaimae,17:03:13,2024-05-30,"Taylor Swift which it bigger than anyone and didn't move , there is smth with celebrities that we don't know about , especially for jennie whom just started her own company, you want her to risk her business and life ?",celebrities
@manlikeplumo,17:03:12,2024-05-30,"Always do your research even after your favourite celebrity endorses a product/service  . Don‚Äôt blindly put in your money,time,and effort without  a research and understand  the structure  behind the product/service, it‚Äôs the least you owe yourself.",celebrities
@Onesound28,17:03:11,2024-05-30,You is a lie to he on camera saying on the show you got multiple celebrities saying he said while they was on the show m.f it‚Äôs audio of him saying why would he rent to black people then they money was no good no because he is racist don‚Äôt want color money it stinks,celebrities
@LeagueTechSoFi,17:03:09,2024-05-30,"T-2 hours! 

Learn about why celebrities should utilize Social Fi to onboard their followers to crypto rather than tokens. 

Disagree? Come and tell us!",celebrities
@muzukihisa,17:03:05,2024-05-30,Why should I feel glad if a Caucasian celebrity (or others whose skin color‚Äôs not even yellow)‚Äôs connected to me because some people think our facial features resemble one another My self-esteem‚Äôs not THAT low At least it‚Äôs a skill if it‚Äôs their ability to speak English well.,celebrities
@TapsPolisetti,17:03:05,2024-05-30,Do celebrities like u respond to common people..,celebrities
@blackcelebbdays,17:03:00,2024-05-30,DID YOU KNOW THESE BLACK CELEBRITIES WERE BORN ON MAY 30th?,celebrities
@mikirichz,17:02:58,2024-05-30,"Fair, this is the kind of preview I was talking about  ‚Ä¶ not jus gaslighting a project wit bad reviews ‚Ä¶ tell me why ppl wont do a panic sale .. wit dat kind of review from our celebrity‚Ä¶ most especially top crypto Boyz dat ppl look up to",celebrities
@Celebritygenie,17:02:55,2024-05-30,Yes that's very true.,celebrities
@khansmeme,17:02:55,2024-05-30,"then celebrities should have the best marriages. Live simply, walk humbly and love genuinely... All good will come back to you...!",celebrities
@MIMANYsuprema,17:02:54,2024-05-30,"Lets CLBRTYize ever celebrity qho has ever done black face. $clbrty @CLBRTY_on_SOL

Jimmy Kimmel
Howard stern
Sarah silverman
Justin trudou
Joy Behar
Barack Obama",celebrities
@circulartwizzle,17:02:50,2024-05-30,he genuinely pisses me off like idc what anyone says why are huge celebrities letting themselves be humiliated like this,celebrities
@Gate_Kreeper_,17:02:48,2024-05-30,"Nah. Stay far away from celebrity pump and dumps, regardless of what people are saying about them.",celebrities
@onlydaz,17:02:47,2024-05-30,Right . Look like that celebrity dress up game we used to have as kids,celebrities
@NWfourA,17:02:38,2024-05-30,Most boring race in the season. Just a celebrity show off opportunity. I won‚Äôt see it next year if significant changes are not made.,celebrities
@Celebritygenie,17:02:28,2024-05-30,Nice,celebrities
@drdote_,17:02:26,2024-05-30,real,celebrities
@Fyortween2,17:02:23,2024-05-30,"celebrity perspective: crypto use case 

Launch a token that he/she owns 25% of
Sell at launch",celebrities
@edavenport933,17:02:21,2024-05-30,"That tracks, conservatives are the ones who obsess over Lizzo and Taylor swift and keep electing celebrities to public office.",celebrities
@0fcounsel,17:02:20,2024-05-30,"Yes, same ones sol ppl should‚Äôve learned in 2021 when it was a list celebrities like Tom Brady and Shaq. That it is now d-list celebrities and sol ppl have the memory of a goldfish is hilarious",celebrities
@Abhichandel5605,17:02:20,2024-05-30,"I'm kinda feeling positive about Plastic surgery. Tbh we are just jealous we can't afford it lol. Most of us use filter on photos, & many use makeup which is as NATURAL as Plastic surgery. For celebrities, their face is brand, source of income. There shouldn't be any stigma",celebrities
@bearaddresser,17:02:19,2024-05-30,i'll support celebrities when start shilling my undervalued $TLOS bags,celebrities
@NomDeGuerre7,17:02:14,2024-05-30,"I stop fuhkin' wit them [#Celebrity] people... #OfCourse (#RichAndPowerful/#Wealthy|#theMoneyGrab'bers) they go and still can find a way to be """"#Promoting"""" them people to me like as if it does me ANY good. 
""YAH' #BULLSHHT' AND FUHKERY AINT NO FUHKEN """"#ENTERTAINMENT"""" #toME‚Äî",celebrities
@0xBender,17:02:13,2024-05-30,I‚Äôll support a celebrity token if it does something that is natively interesting and unique where they don‚Äôt hold X% of the supply from the launch to dump on people‚Äôs heads. They can put a 1% sell tax on the coin to get long term revenue and then use the coin to purchase other,celebrities
@Lgrng0,17:02:13,2024-05-30,"Blah blah blah

You‚Äôre doing free PR for a nation that‚Äôs run by far right fascists that threaten ICC judges & their families, threatens its own media outlets w ‚Äúconsequences‚Äù, arrests Palestinian Israelis over social media posts & tries them in secret courts w 99% conviction rate",celebrities
@sharoncrowstar,17:02:11,2024-05-30,Most of these were already on my do not watch list but I have added a few more that are included on this list. Losers! - 24 Celebrities Who Are 100% All In For Donald Trump In 2024 https://msn.com/en-us/news/politics/24-celebrities-who-are-100-all-in-for-donald-trump-in-2024/ar-BB1nhODG?ocid=socialshare&pc=HCTS&cvid=28bc1be43505420cb0aac0b15d14ac0f&ei=73‚Ä¶,celebrities
@LengEmgie101,17:02:07,2024-05-30,"as long as the US govt n those UN officials r the 1 backing up Israel or not doing political things to stop the bombing, what can celebrities or non govt people can do even they do speak?! cmon! pester those people in US/UN in the position!",celebrities
@ACDAM_Fund,17:02:05,2024-05-30,"Celebrity-promoted crypto projects have been a disaster, and it‚Äôs unfortunate that these are the projects that gather the most publicity and headlines. But not all crypto is tainted ‚Äì many projects have real use cases and offer genuine utility.",celebrities
@IndyArts,17:02:01,2024-05-30,Kehlani calls out celebrities for ‚Äòembarrassing‚Äô silence on Gaza,celebrities
@BradGalli,17:01:53,2024-05-30,"Aidan Hutchinson is teeing it up in this year‚Äôs Rocket Mortgage Classic Area 313 Celebrity Scramble. 

The Lions star is joining Tom Izzo, Chris Webber, and Calvin Johnson at Detroit Golf Club on Tuesday, June 25.",celebrities
@TheSweetSavage_,17:01:50,2024-05-30,"Burn more momma  you‚Äôre the only celebrity that deserves our respect thus far. You‚Äôre showing up daily and learning as you go just as we have for years. Also, post the ticker on your other socials, make a video to onboard them.",celebrities
@armontague11,17:01:46,2024-05-30,"It's just a standard grift. If you're a washed up celebrity, all you have to do is claim to be canceled or mad at ""woke culture"" and certain people will lap it up mindlessly and give you a big infusion of cash and attention. A lot of these people don't really believe in anything.",celebrities
@fred249x,17:01:43,2024-05-30,Is Jenner really a celebrity.  More like washed up old bat,celebrities
@crushthemuffins,17:01:36,2024-05-30,"wanting a huge celebrity to use their platform for good and speak up for humanity isn't a bad thing! this is a genocide, her just posting just ONE donation link would cause a huge influx in donations and spreading info! we're not asking her to talk about it 24/7 https://x.com/LLane_13/statu/LLane_13/status/1795924434835955894‚Ä¶",celebrities
@jennmorson,17:01:34,2024-05-30,not at all - but this kind of celebrity circuit is in conflict with the intent.,celebrities
@flolikemyg,17:01:32,2024-05-30,acting like it‚Äôs the end of the world because ppl want big time celebrities w a huge following to use their voices for good is actually making my brain hurt. how is your mind so infected from stan twitter brain rot,celebrities
@KOD_Jnr,17:01:32,2024-05-30,"Naa
Dats not an option",celebrities
@M0TZS,17:01:31,2024-05-30,It‚Äôs wild how people are ok with being exit liquidity and dumped on by D list celebrities,celebrities
@GloBoyDav,17:01:29,2024-05-30,Any good celebrity crypto coins i should invest my life savings in?,celebrities
@poseidonn777,17:01:26,2024-05-30,You were pushing and promoting celebrities meme coins‚Ä¶,celebrities
@onrk1n,17:01:23,2024-05-30,they don‚Äôt even bother putting together a coherent sentence anymore. pick the next guy from the celebrity list & make him fake cry,celebrities
@sheneedstolivee,17:01:23,2024-05-30,"it is not a war, it‚Äôs a genocide, a humanitarian crisis. yes celebrities don‚Äôt have the power to end it and this is not what we‚Äôre asking, but they have the power to influence masses. they can educate people and raise hundreds of thousands more money using their platforms",celebrities
@OV1KENOBIE,17:01:20,2024-05-30,"I do not follow! any celebrity's ""WHY"".. SO MANY OF THEM ARE FULL OF ST!!.",celebrities
@Heavenhellorsin,17:01:14,2024-05-30,Can we please focus on the task at hand and donate ourselves instead of making this genocide about celebrities? Social media is such a weird place.,celebrities
@VXN_618,17:01:09,2024-05-30,"Doesn‚Äôt make much difference, celebrities ruined their legacy for pump fun tokens. I hope phantom wakes up",celebrities
@AcousticLSD,17:01:05,2024-05-30,"Y'know being a fan of a celebrity is fine, what I think is absolutely pathetic is people absolutely obsessing over a celebrity, thinking they can do absolutely NO WRONG and will harass others over talking about the shitty things they've done",celebrities
@pds_ol,17:01:04,2024-05-30,"Enjoy this podcast of our honored guest:

Women Road Warriors @WomRoadWarriors @pcast_ol @tpc_ol @wh2pod @bus_ol

A lively talk show hosted by Shelley Johnson & Kathy Tuccaro that features experts and celebrities with topics to empower & inspire women

http://womenroadwarriors.com",celebrities
@Riddiee,17:01:03,2024-05-30,I use to be a micro celebrity on twitter..,celebrities
@MimosaTxt,17:01:01,2024-05-30,I hope YJ didn't cover this song. Because Jb is one of the boycotted celebrities. And yj might get a bad reaction for this.,celebrities
@barkmeta,17:01:01,2024-05-30,No text found,celebrities
@TopCrypto_News,17:00:57,2024-05-30,"Millionaire Trader Shocking Downfall, Celebrity Jenner Tokens Gone Wrong!",celebrities
@triviafall,17:00:57,2024-05-30,"Centering your activism around celebrities, demanding them to do something while living in countries with governments that are involved in the whole thing, and then getting angry at korean artists for not speaking up. Powerless and useless and that's exactly why you act like that",celebrities
@JohnDoe78084921,17:00:56,2024-05-30,"So what meaning does this post have within the context of the broader discussion? Celebrities dumping on followers. Then you come along and say: ""its not intuitive that dumping on followers is poor form"". Ok, fine. Theyre not children. Who gives a fuck what is intuitive?",celebrities
@BoguesGroup,17:00:51,2024-05-30,"Join us on June 15, 2024, at 4:00 PM at West Rowan High School for the Chris Smith Memorial Event. Enjoy an alumni game, celebrity appearances, a bench dedication, raffles, and more as we honor the legacy of NFL standout Chris Smith. Get your tickets now: https://bit.ly/3QYmnpI",celebrities
@hockeynightin,17:00:49,2024-05-30,Of course you can. Just take your cues from politicians and celebrities.,celebrities
@desitharra007,17:00:48,2024-05-30,"But our starry eyed Bollywood celebrities, our so called intellectuals, leftists, media houses won't support the Genuine victims !
These victims cannot afford to Pay those Selective activists their Fees !
Only the powerful organisations with deep pocket ticks their conscience.",celebrities
@pabloo_u,17:00:46,2024-05-30,this is the best time to add to your conviction coins while everyone is buying celebrity pump and dumps,celebrities
@smg9779,17:00:39,2024-05-30,"I am shocked, SHOCKED, to my core. 

(Pssst, Trump was a celebrity before he ran for office)",celebrities
@CatAngeLeeKnow,17:00:38,2024-05-30,The celebrities that u should pressure are those who are in Hollywood since they work in a country that literary funds this genocide and as a counter their zi0nists co-actors and influencers .,celebrities
@Celebritygenie,17:00:32,2024-05-30,Pele.. it is well.,celebrities
@nsyncsdebut,17:00:29,2024-05-30,I‚Äôm not a creep guys just in love with my celebrity husband- I MEAN CRUSH.,celebrities
@LiberumPueri,17:00:27,2024-05-30,"Celebrities out here trying to turn shit into sugar and the simple hoard and hold guy is the problem?  Did I get that right?
#memecoinmalaise",celebrities
@hpcol2,17:00:26,2024-05-30,I‚Äôm going to @barkmeta‚Äôs upcoming Space. Will you join too?,celebrities
@Ape848,17:00:15,2024-05-30,"It was never gonna onboard the masses

A win would‚Äôve been if even one of them were in this for the long haul 

One celebrity turning full crypto shitposting degen",celebrities
@expressceleb,17:00:14,2024-05-30,"Kelvin Fletcher and his wife Liz have issued an exciting announcement about their ITV series..

https://express.co.uk/showbiz/tv-radio/1905543/kelvin-fletcher-wife-announcement-fletchers-family‚Ä¶",celebrities
@qq6zqyrvvv,17:00:14,2024-05-30,I guess the tax payer is now paying for celebrities security needs. At least they know the need security!,celebrities
@OutdoorKOutlet,17:00:14,2024-05-30,"Did you know some of Hollywood's biggest stars are also BBQ Enthusiasts ? From Gwyneth Paltrow's healthy grill recipes to Dwayne ""The Rock"" Johnson's family favorites, celebrities are embracing the art of barbecue.
 
‚Üí‚Üí https://zurl.co/PbXJ
.
.
.
#outdoorkitchen
#BBQFacts",celebrities
@RubiRit,17:00:11,2024-05-30,"Are male celebrities also expected to be this accountable to the public? For instance, I don‚Äôt see such posts for Kendrick, y‚Äôall‚Äôs current fave.",celebrities
@acultomancy,17:00:10,2024-05-30,I've actually never met a celebrity illuminati believer irl before,celebrities
@rhonda_harbison,17:00:06,2024-05-30,"https://wral.com/trump-used-racial-slur-during-celebrity-apprentice-ex-aide-says/17760206/‚Ä¶
Trump Used Racial Slur During 'Celebrity Apprentice,' Former White ...",celebrities
@ImagesByJonEvan,17:00:04,2024-05-30,How celebrity tequilas are changing the nature of tequila,celebrities
@harshlaxy,17:00:04,2024-05-30,ur celebrity crush,celebrities
@TessaBr21621710,17:00:02,2024-05-30,"This is true of all celebrities. If i was a famous I'd be a"" no comment"" anytime I was asked anything outside what I'm famous for. We put too much demand on the wrong thing bc plenty of celebrities have spoke out and nothing changes.",celebrities
@expressceleb,17:00:01,2024-05-30,"A Place In The Sun star Laura Hamilton has opened up about how she manages to juggle motherhood with the popular Channel 4 show.

https://express.co.uk/showbiz/tv-radio/1905222/A-Place-In-The-Sun-Laura-Hamilton-children-work-juggle‚Ä¶",celebrities
@expressceleb,17:00:00,2024-05-30,"BBC Breakfast's Naga Munchetty took a cheeky swipe at co-presenter Charlie Stayt on the latest edition of the show.

https://express.co.uk/showbiz/tv-radio/1905246/BBC-Breakfast-Naga-Muchetty-Charlie-Stayt-swipe‚Ä¶",celebrities
@TiniWider,17:00:00,2024-05-30,"#KidLitPit #YA #F #MR #P

Imagine a modern day Elsa (Frozen) must save her granny and their Encanto-like-home. To succeed, she needs to accept handsome, yet infuriating celebrity witch Henry as a mentor. And then, not only her unruly powers reciprocate but also her heart.",celebrities
@stevethompson99,17:00:00,2024-05-30,The juror could be looking at Donald Trump for the same reason thousands of chuckleheads show up to his insane rallies. Trump's a celebrity train-wreck and they want a glimpse of him.,celebrities
@16cartridges,16:59:58,2024-05-30,"genuinely,  respectfully, no person,  including a celebrity has to perform activism in a way that's palatable to you. if you don't wanna fuck with Beyonce (or whoever) because of her activism (or lack thereof) that is A -Ok!",celebrities
@5711rosy,16:59:55,2024-05-30,"Something will happen if fans use their power because yes celebrity are big ,but you gave them those power ,the power you use to give them fame ,use it too to come together and speak up
Fans are powerful than artist",celebrities
@biggestjiminer,16:59:54,2024-05-30,taeyong‚Äôs one word can probs make a change but can yall not praise him 4 smth as basic as human decency .. im as upset as yall r w hybe artists not speaking up 4 palestine but i dont think any celebrity should b praised 4 sumn as basic as having empathy,celebrities
@datfatguh,16:59:46,2024-05-30,I been saying this for a hot lil min everything is a quick fix with influencers/celebrities. Teeth messed up their solution is veneers. Braces take too long. Yo body ain‚Äôt developed enough or u too big? Boom go get a BBL. It‚Äôs sad.,celebrities
@UFOGuy567,16:59:44,2024-05-30,Ye exposing how black celebrities are controlled in the industry #slaver... https://youtube.com/shorts/mfkvKaDJuh8?si=vkbGhLQrwiS4ysVv‚Ä¶ via @YouTube,celebrities
@rhonda_harbison,16:59:43,2024-05-30,"https://nytimes.com/2018/08/10/us/politics/omarosa-donald-trump-racial-slur.html‚Ä¶
Trump Used Racial Slur During 'Celebrity Apprentice,' Former White ...",celebrities
@NassrolFahmi,16:59:41,2024-05-30,And the so called Biggest Celebrity on Earth stay silence,celebrities
@setlhalokat,16:59:34,2024-05-30,I have observed that some behave like celebrities instead   and actually too distant from the masses.,celebrities
@DougieCUSA,16:59:30,2024-05-30,Celebrities wonder if endorsing Biden 'worth' the scrutiny in increasingly polarized world: Report,celebrities
@Web3_Traders,16:59:29,2024-05-30,"@davido  I'm losing my mind. Why $Davido is going lower than lower 

I lost my $Sol and $CWIF for these celebrities Memecoins ",celebrities
@D0LLIAN,16:59:25,2024-05-30,no. he's was a fake celebrity,celebrities
@mandknetworks,16:59:23,2024-05-30,"So, for every time he tells the truth. You wanna shock him? What in the hell is wrong with these celebrities lately?",celebrities
@KellyMo65075631,16:59:20,2024-05-30,"And she did not even say what nobody has said before a lot of influencers and celebrities has said and don worst 
Orishirishi",celebrities
@rchappell465128,16:59:19,2024-05-30,Check out Celebrity Artist Rob Chappell draws Elton John on Srixon novelty golf ball https://ebay.com/itm/285872645366?mkcid=16&mkevt=1&mkrid=711-127632-2357-0&ssspo=4rV-oDRCT1a&sssrc=2566055&ssuid=4rV-oDRCT1a&widget_ver=artemis&media=TW‚Ä¶ #eBay via @eBay,celebrities
@notthreadguy,16:59:18,2024-05-30,"idek wtf going on 

come vibe
come speak
come co host
come give bad takes 

powered by @krakenfx",celebrities
@meeowkali,16:59:11,2024-05-30,omg celebrity in my notifs....,celebrities
@legen_eth,16:59:03,2024-05-30,"Can‚Äôt believe celebrity coins went to 0

Who could‚Äôve predicted that ",celebrities
@Hphilosopher1,16:58:57,2024-05-30,"Whales

Blue Whale on Solana

Doxxed Team

Video game play to earn

Comic/Manga

Platinum artist on the team - Matt Hartke

Marine¬†Biologist

NFT's coming this summer

Podcast coming in June - Celebrity show in the studio - Crypto show educating newbies

Billy to a Billi¬† ¬†the",celebrities
@INBrianJones,16:58:50,2024-05-30,"In his defense, i highly doubt he knows anything about this. Celebrities live in echo chambers",celebrities
@JoeHighTimesNFT,16:58:48,2024-05-30,"tell these celebrities too F off lol

we should be dumping on them not the other way around mfers",celebrities
@_mishLLC,16:58:47,2024-05-30,This is like when celebrities start a brand and its about them instead of the product,celebrities
@rikizwon,16:58:45,2024-05-30,now with all these celebrities speaking up and finally showing support for palestine i hope olivia will soon. i waited 8 months for ariana so i can wait for ms rodrigo,celebrities
@lolsielove,16:58:44,2024-05-30,"That should not happen, and believe not only celebrities use is it",celebrities
@faithinbucky,16:58:41,2024-05-30,it‚Äôs great more celebrities are speaking up for palestine but let‚Äôs not forget they stayed silent for 8 months before doing so,celebrities
@parantapah,16:58:40,2024-05-30,"Posting #AllEyesOnRafah isn't exactly about Rafah or Palestine for most celebrities. It's about signalling to key people that you're a certified liberal. That you're willing to do the bidding of those ""key people."" Bollywood runs on Islamist money.

Those who actually care about",celebrities
@endPTSD,16:58:37,2024-05-30,"It‚Äôll be a good practice for research. I think she‚Äôs exposing the celebrity culture in America since that‚Äôs our  royalty. Her greed is very similar to many experiences I‚Äôve had, and only concussion, allowed me to sit with it long enough to understand it without shock #ptsd ends",celebrities
@skzmixxing,16:58:33,2024-05-30,people are risking their entire future for fighting for what is right but *im* the selfish one for expecting rich celebrities with platforms with millions of followers that i respect for speaking up. aurkayyyyy,celebrities
@Jawisats,16:58:32,2024-05-30,"So u listened to ur favorite influencers that told you ordinals are dead AGAIN and runes failed while celebrity scams are the way to onboard ‚Äúmasses‚Äù to crypto thn trust me u deserve getting dumped on, losing ur moni and missing out on real wealth generating plays.",celebrities
@Jmaspage,16:58:32,2024-05-30,"Wow,so disappointing......one by one celebrities are destroying their brand and legacies,and you just joined that list.....smh",celebrities
@BabyHulk_93,16:58:29,2024-05-30,"A CeLeBrIty iS jUsT likE US. 

No shit.",celebrities
@ari_rubies,16:58:27,2024-05-30,All the Guo meme and jokes are starting to become boring and redundant. If She is indeed convicted to her crime. Pinoy should hate her but the media & other are making her a darling and funny celebrity.,celebrities
@heyyamba,16:58:25,2024-05-30,anyone that can be unwaveringly shameless has a huge chance of being a celebrity in nigeria,celebrities
@petraphobic,16:58:17,2024-05-30,"and the tired argument about how people only ask her to do anything. actually people have been begging ALL celebrities to do something, to post ONE story. no one saw how ariana posting a single donation link made it jump for $40k in hours?",celebrities
@realTomPappert,16:58:14,2024-05-30,Sad to see another celebrity fall to the alphabet mafia,celebrities
@USAS_WW1,16:58:08,2024-05-30,"@militaryhistori reminds us Britain had Winston Churchill in its Darkest Hour. But he also sometimes delivered Britain's Lightest Hour: 

Lady Astor: ‚ÄúIf I were married to you, I‚Äôd put  poison in your coffee.‚Äù
Winston  Churchill*: ‚ÄúIf I were married to you, I‚Äôd drink it.‚Äù
",celebrities
@imtbeau8,16:58:06,2024-05-30,"Why Celebrities Aren't Speaking Up About Gaza, by @caitoz",celebrities
@shadowarlok,16:57:56,2024-05-30,Hope more celebrities talk openly abt this,celebrities
@ahhbodybang,16:57:55,2024-05-30,you told ur twt followers not to treat you like a celebrity but at the same time you treat them like fans..‚Ä¶ ‚Äî no i dont  if this is over the joke edit i made ill giggle,celebrities
@Ghana_born,16:57:55,2024-05-30,"We Ghanian has the best jelloff rice and we don't play with it
Ghana to the world ",celebrities
@Crypt_traveler,16:57:52,2024-05-30,$COBY is THE celebrity ,celebrities
@seokjiniepost,16:57:50,2024-05-30,"""unaccountable for your inaction"" 
One would think you're talking about a useless politician and definitely not poc celebrities who are themselves affected by war which was in a way caused by the west that's why they have to mandatorily enlist....",celebrities
@leigh_loeb,16:57:45,2024-05-30,"He used the show to promote his brand; introduce a line of jewelry and handbags by Ivanka; use the celebrities to create a marketing plan, paid by NBC; promoted by NBC and costing the Trumps nothing to sell, market and produce a product.   It was genius grifting!!",celebrities
@snottydead,16:57:42,2024-05-30,you know what also wants you? probably an old man somewhere thats nothing like youd want! having celebrity crushes is just fine but being a fucking weirdo js crazy. that man dont want uou but the homeless man on the corner does! 3,celebrities
@budbringer1,16:57:36,2024-05-30,"Love @EricClapton! 
What kind of creepy ¬´museum¬ª is that..?
Most 14-yearsold grow out pf their fan celebrity worship..",celebrities
@Stock_Market_Pr,16:57:35,2024-05-30,"SHOCKING: #Crypto Trader Turns $3.7K into Millions, Then Loses Big on Celebrity Token - Coinpedia Fintech News",celebrities
@clothes_mindedx,16:57:34,2024-05-30,Im not against veneers & I do think they‚Äôre necessary in some circumstances. But I do feel like A LOT of young ppl *19-24 yr olds* got their teeth done cuz it‚Äôs the popular thing to do amongst their counterparts/celebrities. Did u even try braces? Going to the dentist on the reg?,celebrities
@Bitcoindeee,16:57:32,2024-05-30,"D list celebrity‚Äôs coming into our space has never ended well, every 4 years these broke bitches turn up trying to steal out liquidity‚Ä¶. ",celebrities
@BellaF111,16:57:31,2024-05-30,"Twitch‚Ä¶Dead 
Wonder why people around so many famous celebrities end up dead or suicided ",celebrities
@abu_crypto1,16:57:30,2024-05-30,"Get out of your celebrity coin & your trumpwifhatmaga token.

Koala been smashing crazy things this cycle imo. And I believe he's pretty on point here

Money will rotate into AI with or without you. Get ready or be exit liquidity.

IT'S TIME FOR QUALITY STUFF!! ",celebrities
@TerrinaMajnoona,16:57:26,2024-05-30,I‚Äôm fine with celebrities doing this. I will support/do/say whatever it takes right now.,celebrities
@AfiFlysky,16:57:25,2024-05-30,"blacklist all the anti-children Iranian artists  ,celebrities , Athletes and administrators that who have supported Palestine.

#IsraelWillWin
#KingRezaPahlavi‚Äå",celebrities
@raylachen,16:57:24,2024-05-30,Another celebrity hoaxer ‚Ä¶,celebrities
@HBadgeroo,16:57:23,2024-05-30,Maybe but choice stops all of that anyway.,celebrities
@falcontattoo,16:57:23,2024-05-30,Wild how parents will prostitute their children for a brush with celebrity. You wouldn‚Äôt let your kid go spend the weekend with your plumber.,celebrities
@Camoolina,16:57:21,2024-05-30,"people need to speak about this, everyone including celebrities need to be educated on this and educate others around. the more it spreads, the less israel will be able to act as freely as they have been. celebrities have the most reach, and they can bring the most",celebrities
@TheBrightDays,16:57:20,2024-05-30,MLB All-Star Celebrity Softball Game Sweepstakes https://sweepstakesfanatics.com/mlb-all-star-celebrity-softball-game-sweepstakes/‚Ä¶.,celebrities
@Rishi46730816,16:57:18,2024-05-30,This lady is an entitled crook. Have you seen her exaggerated expressions like overblinking  when she was interviewing so called celebrities,celebrities
@dyorcryptoapp,16:57:12,2024-05-30,"ùóóùóÆùó∂ùóπùòÜ ùóñùóøùòÜùóΩùòÅùóº ùóßùóüùóóùó• ùó£ùóºùòÑùó≤ùóøùó≤ùó± ùóØùòÜ ùóóùó¨ùó¢ùó•.

ùêåùêöùê≤ ùüëùüé, ùüêùüéùüêùüí

ùü≠. ‚Äúùóñùó≤ùóπùó≤ùóØùóøùó∂ùòÅùó∂ùó≤ùòÄ ùó∑ùòÇùó∫ùóΩ ùóºùóª ùòÅùóµùó≤ ùó∫ùó≤ùó∫ùó≤ùó∞ùóºùó∂ùóª ùóØùóÆùóªùó±ùòÑùóÆùó¥ùóºùóª‚Äù

Another celebrity, Iggy Azalea, recently launched her memecoin on Solana.

Azalea's MOTHER token pumped",celebrities
@KooKaHastam,16:57:11,2024-05-30,I didn't say anything about celebrities input being meaningless. I meant if celebrities are doing the political elites job because they failed to do their job about Israel so the silence of celebrities about Hamas should mean that sanctions already solved the problem.,celebrities
@michlikeniche,16:57:06,2024-05-30,"so many zionist celebrities and influencers are posting blocks of text ‚Äúuwu hold space for israeli and palestinian suffering‚Äù take your apology for genocide and apartheid somewhere else, stupid bitch",celebrities
@rhonda_harbison,16:57:05,2024-05-30,"https://nytimes.com/2018/08/10/us/politics/omarosa-donald-trump-racial-slur.html‚Ä¶
Trump Used Racial Slur During 'Celebrity Apprentice,' Former White ...
https://theatlantic.com/ideas/archive/2018/08/lordy-tapes/567508/‚Ä¶
America Doesn't Need Another Tape to Know Who Trump Is - The Atlantic",celebrities
@worldonebeing,16:57:03,2024-05-30,"#Rafah must be the number one topic on #X. Awareness to the genocide that #Israel keeps committing should be above some celebrity talking about her new pumps.

We must #FreePalestine together. Love and respect to all humanity ",celebrities
@AnitaNelam,16:57:00,2024-05-30,Marc Hom Re-framed: A retrospective of celebrity portraiture,celebrities
@VisViamV,16:56:57,2024-05-30,took these celebrities long enough,celebrities
@cryptomehn1,16:56:57,2024-05-30,"If u are DCA into @davido meme your money will finished end youill die . @Pauly0x say the truth @blknoiz06 is a scammer i agreed after he shill a celebrity meme and ruged at the time that we are in the space with him , pple lost thanks @Pauly0x love you legend ",celebrities
@William275615,16:56:57,2024-05-30,I hate celebrities ,celebrities
@ExistenceStudy,16:56:56,2024-05-30,"Other things, like what?
Famous female celebrities in ""ambiguous circumstances"", but still clothed, with underage children?",celebrities
@CryptoDefiLord,16:56:55,2024-05-30,Celebrity token needs the person,celebrities
@SlorgoftheSlugs,16:56:51,2024-05-30,"Crypto doesn't have an awareness problem, people already know about it.

The leading candidate for president even made it part of his platform last week.

But it does have a UX and perception problem, which these celebrity pump and dumps don't move the needle on.",celebrities
@RessRyan60722,16:56:51,2024-05-30,Orange cats are soo funny i love them ,celebrities
@SharonSTRAKER4,16:56:46,2024-05-30,24 Celebrities Who Are 100% All In For Donald Trump In 2024 https://msn.com/en-us/news/politics/24-celebrities-who-are-100-all-in-for-donald-trump-in-2024/ar-BB1nhODG?ocid=socialshare&pc=U531&cvid=6b223647e2754b8793f363a6a3b71c2d&ei=54‚Ä¶,celebrities
@Louissystem28,16:56:46,2024-05-30,"Also there are celebrities who only spoke out of fear of being cancelled and just posted an ai image. That didn't make any difference while Louis is actually helping people through money. He's doing way more than a lot others. His money would also help children in Congo, Sudan,",celebrities
@Lgrng0,16:56:43,2024-05-30,"Hananya doesn‚Äôt give a single fuck about any of those people, he‚Äôs just using them to justify the current genocide in Gaza.

He‚Äôs a scumbag.",celebrities
@NJBIZ,16:56:32,2024-05-30,"Celebrity chef @GordonRamsay has been appointed ""CFO"" for @WelchsFruitSnck brand. https://njbiz.com/pim-brands-brings-in-chef-ramsay-as-chief-fruit-officer/‚Ä¶",celebrities
@B4Politics,16:56:30,2024-05-30,At the end of the day they are family. They are stronger together. Politicians and celebrities have different strengths,celebrities
@FYAPhoenix,16:56:30,2024-05-30,"Any publicity is good publicity for some folks‚Ä¶
Celebrity =\= brains and common sense",celebrities
@Arik26519958,16:56:21,2024-05-30,"Ahh come on, idk why the fuck most people cares about celebrities  lifestyle,  ig stories, what they are doing etc etc.",celebrities
@AshyBuoy26,16:56:21,2024-05-30,"Yes the politifi guru is here 
Have a look at the celebrity niche on Solana as well, it booming
The legendary Eminem is also debuting on Solana as $EMANEM
and he's feeding those who really need it.
CTO complete 
Listing fixed on @biokript 
200x donation boxes ready
Check us at",celebrities
@SharonS365,16:56:20,2024-05-30,"@MSNBC There are billions of people on this planet, surely some of them have done something newsworthy. Please, for the love of god, find something besides IQ45 to reportMaybe a scientific discover, or natural disaster, or even celebrity gossip. ANYTHING but trump!",celebrities
@jamesinho4,16:56:13,2024-05-30,He cares about money and tinkering with logos and clubhouses and rubbing elbows with celebrities. He does not care about the club.,celebrities
@miamicryptocom,16:56:01,2024-05-30,"Pop star and rising crypto enthusiast Iggy Azalea has announced a bold initiative to burn her own coins whenever a celebrity-endorsed coin is identified as a scam, commonly known as a ‚Äúrug.‚Äù

 Read more on #miamicrypto

#crypto #memecoin #AltcoinNews",celebrities
@litsforevermore,16:55:59,2024-05-30,"the way a whole new conversation and debate began in india when bollywood celebrities started participating in the trend of sharing that ai image showing their sympathy/solidarity towards the palestinians who were k worded, just imagine what she could have done.",celebrities
@Insignificant48,16:55:47,2024-05-30,"I watched every season, including Celebrity Apprentice, & this claim is completely false! Without video evidence that's not AI generated (and yes, smart people can tell the difference), this is just something this traitor & his cohorts made/typed up. 1nce a liar, always a liar!",celebrities
@nikhilsp27,16:55:47,2024-05-30,Rajiv bhai thand ho jayo Yarr. Take a break mate. Everything isn't to post. Let those celebrities post whatever they want. Why should we enter into everything of them?,celebrities
@JodyFritzke,16:55:41,2024-05-30,Why Celebrities Aren‚Äôt Speaking Up About Gaza,celebrities
@JatinHota,16:55:39,2024-05-30,"$DOG is what an Ideal meme coins should be

NO VC to Dump on You
No Celebrity to Rug
No Team Tokens to Dump
No Unfair Distribution
No Paid Promo
No Gift to Influencer

Just Fair Random Airdrop

Strongest Community
On Richest Chain

Imagine $Dog Still below 1B Mcap,

Buy every",celebrities
@AndyLeeParker1,16:55:37,2024-05-30,I was so moved by seeing people use their celebrity for good that I wept.,celebrities
@CelebrityTee_,16:55:36,2024-05-30,Hate when people having a fucked up day so they take it out on you. Now I hope you have a even more fucked up day bitch.,celebrities
@Ghana_born,16:55:29,2024-05-30,"This girl is not an influencer, she's a prostitute
More love to Nigerian from Ghana ",celebrities
@stomik1,16:55:27,2024-05-30,Yeah but $MAGA token is greater than d list celebrity ghey Jenner token.,celebrities
@outtadazone,16:55:24,2024-05-30,"Some people too dey see dema body celebrities dey pile up dema chats make e do like them be some jay z and beyonce meanwhile, ekom dewo. someway roff!",celebrities
@Lgrng0,16:55:22,2024-05-30,Tim is jealous he‚Äôll never get a trad wife that‚Äôll even make him a sandwich.,celebrities
@ByTheTons,16:55:20,2024-05-30,Ignorance is always a bliss... esp if you happen to be a celebrity.,celebrities
@MananNatani1,16:55:18,2024-05-30,Celebrity spotted ,celebrities
@babybtaetae,16:55:16,2024-05-30,celebrities including ariana have starting posting and donating after nicola coughlan openly spoke about palestine in interviews and shared the resource to donate,celebrities
@krisjay2006,16:55:13,2024-05-30,The celebrities are about the bring the sheep in $crypto #bitcoin,celebrities
@purplesky2743,16:55:09,2024-05-30,"The US dollar or one of these celebrity memecoins? Hmmm, tough choice, charts are starting to look the same  #memecoins",celebrities
@zennymovietalks,16:55:06,2024-05-30,"Labour and Conservatives ‚Äòmisleading‚Äô voters on tax and spending plans, top economist warns 
#usa #uk #LosAngeles #NBAFreeAgency #UFCVegas76 #movies #Webseries #Celebrity #viral #fun #brazil 
For Detail https://dev-firstshowing.pantheonsite.io/2024/05/30/labour-and-conservatives-misleading-voters-on-tax-and-spending-plans-top-economist-warns/?feed_id=1322&_unique_id=6658af693b327‚Ä¶",celebrities
@Abhishek_Fam143,16:55:05,2024-05-30,For praising one there is no need to demean other celebrities neither fans u like Ranbir they like abhishek as simple as that if u dnt like abhi kindly stop ur obsession with abhidhek,celebrities
@ddayygk,16:55:04,2024-05-30,the fact that the only reason boycotts are praising that fad it so they can use him to make bts seem like awful people is insane.  if it was any other celebrity even bts themselves yall would be dragging them through the mud for doing the bare minimum,celebrities
@SireDahBoiJJ52,16:54:51,2024-05-30,"negative outcome for her is silly, performative, and quite embarrassing.
Especially when ACTUAL Palestinians have told y'all OUR FOCUS needs to be on major brands to boycott and spreading the message.
Not worried about celebrities.
Y'all are disgusting and weird plain and simple.",celebrities
@KingTherapy,16:54:42,2024-05-30,"It's so sick how this is being turned into a celebrity story, instead of actually having eyes on Rafah.

I almost threw my radio, with the latest on World Service.",celebrities
@Hphilosopher1,16:54:38,2024-05-30,"Blue Whale on Solana

Doxxed Team

Video game play to earn

Comic/Manga

Platinum artist on the team - Matt Hartke

Marine¬†Biologist

NFT's coming this summer

Podcast coming in June - Celebrity show in the studio - Crypto show educating newbies

Billy to a Billi¬† ¬†the largest",celebrities
@zaridatalk,16:54:36,2024-05-30,"Cynthia Nixon Addresses Sara Ramirez‚Äôs ‚ÄòAnd Just Like That‚Äô Departure as Che Diaz & Similarities to Miranda Hobbes Character | And Just Like That, Cynthia Nixon, Sara Ramirez, The Gilded Age | Just Jared: Celebrity News and Gossip #movieswithfriendz #bmoviemaniacs #moviefone ...",celebrities
@kryptoBenzai,16:54:34,2024-05-30,"The rise and fall of meme tokens highlight the risks of speculative investing. #MemeTokens like $PEPE can skyrocket, but often crash just as fast.

Celebrity backed memes can spike interest but often lead to rapid declines. For example, recent celebrity meme coins soared and then",celebrities
@pholoba_online,16:54:31,2024-05-30,"Let this be a lesson to Nyoso. You can't be a celebrity and a Sundowns player at the same. I also commend the club for making an example out of him.

No player is bigger than the club.",celebrities
@LibertyValkyrie,16:54:26,2024-05-30,"Another example of why these celebrities are so out of touch‚Ä¶

Tim and Faith probably have a gym in their home that would put an Equinox to SHAME.

His daughters aren‚Äôt stepping foot in the Planet Fitness he‚Äôs pushing the rest of us to.

Even the country stars aren‚Äôt immune to",celebrities
@comfy_bts,16:54:22,2024-05-30,My celebrity crush finally is on insta ,celebrities
@nanyaog,16:54:22,2024-05-30,"for him to call davido an influencer i‚Äôm not sure he knows who he is like that, and also he mentioned other celebrities that did the same scam",celebrities
@Mufasa0fLagos11,16:54:19,2024-05-30,"Those asking I drop handle, na @lekhiat 

so sad you just displayed a level stupidity. And I'm sure una @Holdingcorengo too will be aware of this. Life wey no hard turn am like say God don assure you eternity

·∫∏ÃÄ p·∫πl·∫π ohh, celebrity vendor isonu",celebrities
@manu54321,16:54:19,2024-05-30,"RAFA

Dear celebrities.... 

Only those who spoke against Hamas, 
.....when they committed atrocities,
....when women being raped and dragged naked in group,
....when innocents being taken as hostages... 

They only can speak.. 

Others keep shut....!",celebrities
@HBadgeroo,16:54:18,2024-05-30,"It sounds like you just don't want people to have a choice on what education their kids are brought up with. The money is for the kids, not the institution.",celebrities
@mosamitzus,16:54:10,2024-05-30,the way you can always tell who knows what net worth actually is on ktwt is so funny to me. posting screenshots off a random website will not tell you the actual net worth of any celebrity especially if that celebrity hasn‚Äôt listed their assets.,celebrities
@rwenning56,16:54:05,2024-05-30,Noel Casler can undoubtedly corroborate Trump's use of the n-word - he has been speaking openly of his time on Celebrity Apprentice for some time.,celebrities
@OnlieTaks,16:53:51,2024-05-30,Where are your posts to and about the political leaders that have caused this chaos? Again with the celebrities smh,celebrities
@elmo_scalar,16:53:48,2024-05-30,ill support celebrities when they shill my $CORE bags lmao,celebrities
@jeniffertalk,16:53:46,2024-05-30,"John Lennon‚Äôs Lost Guitar Sells for Nearly $3 Million at Auction 
#usa #uk #LosAngeles #NBAFreeAgency #UFCVegas76 #movies #Webseries #Celebrity #viral #fun #brazil 
For Detail https://dev-hollywoodlife.pantheonsite.io/john-lennons-lost-guitar-sells-for-nearly-3-million-at-auction/?feed_id=1638&_unique_id=6658af191e56e‚Ä¶",celebrities
@CLAREM0NTDlAZ,16:53:43,2024-05-30,see how much of an impact one or more celebrities spreading awareness and using their platform for good can have? all of these celebs are now speaking up and sharing links and information. KEEP PRESSURING AND SPREADING AWARENESS,celebrities
@noconinews5396,16:53:39,2024-05-30,"NO CONI NEWS CELEBRITY GIST  
-------------------
JUST IN 

Jubilation as Davido Launches his meme coin 

Follow No Coni News 

#NoConiNews #NoConiNewsCelebrityGist #Davido #Trending #CelebrityGist #viral #AngelSkin #EmpowerWomen #NedbankCup",celebrities
@doctormichaels1,16:53:36,2024-05-30,"Hey  Self lover 

Come closer‚Ä¶

Water  is life ! 

Be intentional 
‚Ä¶you are the Ceo of your life 
#doctormichaels",celebrities
@artareki,16:53:36,2024-05-30,"I'm so disappointed in how we're starting to see movement once the genocide has gone this far. Isr**l had to bomb the LAST safe place for people to react, for celebrities to start speaking, for the world to move. I'm so ashamed",celebrities
@Lgrng0,16:53:36,2024-05-30,Aviva is unironically pointing out that Israel is claiming to illegally own property in East Jerusalem.,celebrities
@Jeetesh50,16:53:29,2024-05-30,Some real information for all these shit heads(celebrities) supporting Hamas,celebrities
@livpercabeth,16:53:28,2024-05-30,mark ruffalo is genuinely one of my favourite celebrities ever,celebrities
@odradesh,16:53:27,2024-05-30,Ha ha ha. He is not a celebrity. He is exactly opposite of what a celebrity is. A genius.,celebrities
@neumonic1,16:53:26,2024-05-30,Except Billy Baldwin isn‚Äôt even a celebrity! Fucking loser!,celebrities
@jaymeyerxnyby,16:53:24,2024-05-30,You are a fraud. You and your bestie grifter psycho friend Straka have sold out your community so you could both become Z list celebrities in the neo-nazi movement. You‚Äôre both going to get exactly what you deserve.,celebrities
@tryingtoenjoyy,16:53:19,2024-05-30,"Realizing that I am, in fact, dreadfully clueless to celebrity happenings because I don't care about celebrity happenings ",celebrities
@lokin4santis,16:53:18,2024-05-30,"I personally they all coming for the money and there‚Äôs nothing wrong with that. We all came for the same reason. 

Everyone was shouting ‚Äúwait till celebrities start launching their own memecoins‚Äù but flipped bearish when they came",celebrities
@lrhcarousel96,16:53:17,2024-05-30,"him doing this at every show is a definition of being a perfect role model, some celebrities should really look up to him. i love this man so so so much",celebrities
@watermelonwhee,16:53:11,2024-05-30,"hyejin showing off her p nation card  

idk why it‚Äôs so funny to think that even celebrities also have building passes like every other corporate worker ",celebrities
@0xSamer,16:53:11,2024-05-30,yeah influencers tend to like doing charity work for celebrities,celebrities
@a_tryingbabe,16:53:09,2024-05-30,"You too shut up
At your big age you‚Äôre waiting for a celebrity to speak about something before it‚Äôs deemed important for you",celebrities
@vengeancemurdox,16:53:07,2024-05-30,me when a celebrity posts vs me when hunter posts,celebrities
@SteveApeman,16:53:06,2024-05-30,"We‚Äôre a crew, not a single Dev, not a Celebrity, not a Jeet in hiding $FC",celebrities
@jtLOL,16:53:02,2024-05-30,It can be so frustrating when a celebrity won't say the things you demand,celebrities
@Lgrng0,16:53:00,2024-05-30,"How does Israel own property in East Jerusalem?

That is illegal.",celebrities
@andrewmertig,16:53:00,2024-05-30,"Yes, Bart Starr is a HOF QB. Yes, he's a renowned great person. But his actions spoke words about his true character that day. It was 1 minute of his life, but it meant the world to me. I don't get flustered by meeting players or celebrities, but Bart Starr is my exception.",celebrities
@Hphilosopher1,16:52:58,2024-05-30,"Blue Whale on Solana

Doxxed Team

Video game play to earn

Comic/Manga

Platinum artist on the team - Matt Hartke

Marine¬†Biologist

NFT's coming this summer

Podcast coming in June - Celebrity show in the studio - Crypto show educating newbies

Billy to a Billi¬† ¬†the largest",celebrities
@kimbasmom1,16:52:55,2024-05-30,"Read ""All of the celebrities that have shown solidarity with Palestine"" on SmartNews: https://l.smartnews.com/p-wexid/2hzwbu #SmartNews",celebrities
@itsover_eth,16:52:54,2024-05-30,"gmaeon 

What we‚Äôre witnessing today is the aftermath of some of the worst and laziest cash-grabs every conceived by an amalgam of Z-list celebrities, ruggers, and influencers in the crypto space.

Alas, retail has not arrived to be your exit liquidity. Retail is currently",celebrities
@ilovejtcitygirl,16:52:39,2024-05-30,Old jt just about as fine as new jt,celebrities
@GC_Celebrity,16:52:34,2024-05-30,Thank you! ,celebrities
@BlockEnthusiast,16:52:34,2024-05-30,"honestly, the best way for a celebrity to launch a meme coin is to borrow it, short it, and now locked into a commitment to buy it back higher

Wanting to go viral is uncool. 
The rich seeking to exploit their less fortunate fanbase is uncool

Not wanting to be viral is cool",celebrities
@babygyalxxxx,16:52:30,2024-05-30,"I no go move on oh.

Make celebrity token die Abeg!",celebrities
@crocs_amarillos,16:52:29,2024-05-30,"you live in such a bubble of privilege that you think taylor swift will change something, it once again proves your disconnection to reality and your ignorance, go block celebrities on tiktok or sum, you‚Äôre embarrassing us all.",celebrities
@KarinaKKKKKKK1,16:52:27,2024-05-30,"Just a reminder of how some celebrities would pretend as if they support and care just to get your recognition and praise. And this is something you support. They speak up exactly like you want them to do, but is there any empathy for the people, who suffers?",celebrities
@bearr47,16:52:23,2024-05-30,Kehlani lit a fire under celebrities. I will always respect them for that.,celebrities
@Lgrng0,16:52:18,2024-05-30,Guess genocide is in their genes.,celebrities
@RessRyan60722,16:52:07,2024-05-30,Fox  are cute,celebrities
@thatmovieguy16,16:52:03,2024-05-30,Another reason why you should not be worshipping celebrities. These people are awful. Swifties gonna be real quiet,celebrities
@Olami_Lekan09,16:51:52,2024-05-30,"Only one celebrity go dey trend and you just know they‚Äôre dragging him

Wetin Davido do again??",celebrities
@vebeentrill,16:51:51,2024-05-30,"that‚Äôs what i‚Äôm sayin bro

for all these niggas to collectively hate on him at the same time , he must‚Äôve done SOMETHIN . 

this is why we can‚Äôt be idolizin these celebrities man . majority of them jus are not good people .",celebrities
@Ghana_born,16:51:33,2024-05-30,001 forever ,celebrities
@chris_drouin,16:51:31,2024-05-30,"I don‚Äôt think you have to be unintelligent to worship celebrities, but celebrity worship makes one unintelligent. The result is the same though.",celebrities
@rkivesarchve,16:51:28,2024-05-30,Thank you for being one of the few celebrities / influencers that have morals and stick up against injustice and corruption.,celebrities
@desktoycrypto,16:51:24,2024-05-30,"I love how everyone is arguing about whether or not it's a good thing for C-list celebrities to launch pump and dumps. 

A rug is a rug is a rug. ""Onboarding the masses"" isn't going to work if they buy Iggy Azalea coin and it goes to zero. 

""Attention coins"" LMAO. Ridiculous.",celebrities
@EmbassyHungary,16:51:20,2024-05-30,"Condemning Israeli massacres & showing solidarity with #Palestine: 
In addition to 45 million Instagram & X users, including top Hollywood celebrities, Football stars around the world shared #AllEyesonRafah on their official accounts. 

Are you?

 
#SzabadPalesztina",celebrities
@folklaurenx,16:51:17,2024-05-30,Says the person who thinks a celebrities‚Äô safety will remain un compromised so she can say something that will have no effect on ending the genocide in Palestine by just ‚Äústopping‚Äù a massive world tour,celebrities
@Phin_totten,16:51:16,2024-05-30,"I'm not sure thats true

most consumers remember the celebrity crypto scams above anything else, they don't know about the real use cases, they just know logan paul and ronaldo dropped scam NFTs

first interaction points matter",celebrities
@nanu1milli73343,16:51:15,2024-05-30,E just dey start even so called celebrity go cry premium and primitive tears,celebrities
@midwestprncss,16:51:14,2024-05-30,also those ‚Äú*insert celebrity* activism over the years‚Äù threads are so fucking out of touch like ehat are you trying to prove/excuse?,celebrities
@chrisCtvedt,16:51:14,2024-05-30,@MarkBurnettTV release the tapes! We have a right to know how editing and production hid clear concerns from the public. It‚Äôs one thing if it‚Äôs a celebrity but another to keep this vital info about a presidential candidate,celebrities
@Rhodeambassador,16:51:14,2024-05-30,"we have no idea what that man does behind close doors, keep in mine Diddy ruffies celebrities to get them to do things they typically wouldn't, then he film them.",celebrities
@BarryAustinLync,16:51:10,2024-05-30,You resemble a celebrity chef about to prepare a kimchi dish we‚Äôll never cook. Keep the beard.,celebrities
@genxists,16:51:02,2024-05-30,She's a feminist who loves celebrity. 3 young babies at home yelling on twitter. She's full of hate.,celebrities
@gosolomoney1004,16:51:01,2024-05-30,Most Nigerian celebrities are not to be trusted.,celebrities
@EudaimoniaEsq,16:50:54,2024-05-30,"The Right is so desperate for cultural relevance that they flock to any celebrity who starts to say things that sound even vaguely right wing. On one hand, this leads them to supporting liberals like Seinfeld and Maher, and on the other, they rush to support Kanye and, well‚Ä¶",celebrities
@gnxumalo1,16:50:53,2024-05-30,Some of them will learn to drive themselves and walk without any bodyguards. The arrogance has been addressed as some will learn to listen to people and stop behaving like celebrities.,celebrities
@RanaJBSingh,16:50:53,2024-05-30,"I am so glad you acknowledged their contribution, coz most celebrities don't. Thank you Karan Singh n Sachin Yadav. For showing us the truth with Anjum Sir.",celebrities
@AkshayModern,16:50:52,2024-05-30,Good to see these cricket stars are so down to earth despite having the life of a star celebrity .,celebrities
@BryptoBro,16:50:48,2024-05-30,"Grinding the whole bear market longing majors at the bottom 
Catching early meme vaporware 

Just too end up shilling absolute dog shit pump fun celebrity tokens & end up with a case lmfaooooo",celebrities
@DailyMailCeleb,16:50:48,2024-05-30,HGTV star Joanna Gaines reveals the strict social media rule she and husband Chip have for their five kids,celebrities
@PumpkinPerson2,16:50:46,2024-05-30,How are they defining celebrity?,celebrities
@CryptoA42868,16:50:39,2024-05-30,"Celebrities coin has no standards and has no utilities the end is always been dumped. if you are smart  you can cash out before it dumps but if you're not smart you will always be a victim. 
( Always do you own research)",celebrities
@LopRidgeway1,16:50:37,2024-05-30,"Good job Kyle.
Keep getting the word out.
Tell these celebrities to GFT.",celebrities
@jasonarnet78372,16:50:37,2024-05-30,You can tell how much the MAGA losers love a celebrity by how over the top butthurt the get when Trump gets criticized hilarious,celebrities
@brittyates0825,16:50:36,2024-05-30,"Eh, watch what you say. I‚Äôve been a swiftie since 2006, I am a REAL swiftie, and I personally think only fake fans wouldn‚Äôt hold their celebrity to a higher standard and wouldn‚Äôt expect them to speak up, especially someone like Taylor who has always been so adamant about it.",celebrities
@aceforspinaltap,16:50:32,2024-05-30,Parasocial behavior literally makes me so second handedly embarrassed. You‚Äôre taking the phrase ‚Äúcelebrities are human too‚Äù as an excuse to be parasocial this shit is so weird GOD leave andrew alone. That man didnt burst out raphaels final act live for this bullshit,celebrities
@Xprivateacct,16:50:28,2024-05-30,"@CNN @CNNPolitics A 28 year old voter told me today ‚Äò people my age are sick to the back teeth with filthy rich celebrities coming out preaching for Biden, who ever is running Biden‚Äôs campaign should be fired ‚Äò!",celebrities
@temi_ajimoti,16:50:25,2024-05-30,It clear that you niggas are premium DICK SUCKERS for all your favorite celebrity. Spit and everything,celebrities
@serisjb,16:50:23,2024-05-30,these celebrities are sharing donation links but are they ever donating? they're so rich but it seems like they're the people who don't do it at all.,celebrities
@0xForm,16:50:19,2024-05-30,SocialFi  celebrities,celebrities
@zennymovietalks,16:50:11,2024-05-30,"Glen Powell Says He Wants to Do a ""Wild Take"" on Batman; Reveals the Marvel and Star Wars Roles He Lost ‚Äî GeekTyrant 
#usa #uk #LosAngeles #NBAFreeAgency #UFCVegas76 #movies #Webseries #Celebrity #viral #fun #brazil 
For Detail https://dev-firstshowing.pantheonsite.io/2024/05/30/glen-powell-says-he-wants-to-do-a-wild-take-on-batman-reveals-the-marvel-and-star-wars-roles-he-lost-geektyrant/?feed_id=1321&_unique_id=6658ae429a8a5‚Ä¶",celebrities
@CaptnSlapNTckle,16:50:09,2024-05-30,Do celebrities' know that no one ACTUALLY listens to them? Especially on foreign policies.,celebrities
@rwenning56,16:50:00,2024-05-30,Trump's use of the n-word can likely be corroborated by Noel Casler who has been publicly talking about his time on Celebrity Apprentice for years.,celebrities
@JkIamJk1,16:49:57,2024-05-30,"Selena has done a lot more than MANY celebrities  But I‚Äôm saying this as a selenator, she needs to do a bit more. She is the most followed woman on insta and being that means she has a responsibility to educate her followers on world issues",celebrities
@Bold_Princee,16:49:57,2024-05-30,All these celebrity coins sef,celebrities
@LDrogen,16:49:53,2024-05-30,The real take here is that celeb coins can be great but they require making the coins explicit securities so that you can buy a stream of income from the celebrity,celebrities
@karawan_ken,16:49:51,2024-05-30,"Unlike Judge Judy, who went about becoming a celebrity the respectful way, their mamas told them they had a face for radio and took that to heart.",celebrities
@SaimohanDhfm,16:49:47,2024-05-30,Celebrity Reach,celebrities
@CosmicAdonis,16:49:44,2024-05-30,Name 1 coin or NFT a celebrity officially endorsed that didn‚Äôt crash fast or rug?,celebrities
@WhosTalkingHere,16:49:41,2024-05-30,"It‚Äôs not even about being rude re: a celebrity. It‚Äôs just being unnecessarily rude to someone online. I guess that‚Äôs the name of the game here, but it just shows an ugly personality. I guess good luck in your endeavors.",celebrities
@Freedom_4_Thee2,16:49:33,2024-05-30,Do you support mentally ill naked men in womens bathrooms? I don't think you do. I would give @PlanetFitness their check back for your celebrity endorsement and issue an apology.,celebrities
@mancunianmedic,16:49:24,2024-05-30,"And...they have a ""who do you trust""? poll readers are asked: Sunak Vs Starmer

""who would win celebrity masterchef?""
""who would win I',m a celebrity""
""who could change a tyre/assemble flat pack furniture?""
""who would buy a first round""
""who would pay back some money you'd lent?""",celebrities
@brittyates0825,16:49:20,2024-05-30,"People with huge platforms, huge followings and with this amount of influence should speak up. Celebrities should be held accountable. Stop bashing people who want celebrities to speak up.",celebrities
@AshaFlingai,16:49:19,2024-05-30,"But for the book itself, it looks like I‚Äôm pulling random people off the street and paying for a photo. There‚Äôs no way to get all these celebrities.",celebrities
@NFTTrader14,16:49:16,2024-05-30,WHEN are people gonna learn!?!? EVERY CELEBRITY TOKEN GOES TO $0 every single one!!,celebrities
@rboblee,16:49:14,2024-05-30,Reposting. Meanwhile: Write a book. Make a movie. Travel to Cannes to bask in sun surrounded by celebrities. May 2025?,celebrities
@sunflwrsoojin,16:49:11,2024-05-30,"like ""wow hes so brave for speaking out!"" he said one word and you dont know that its referencing what you want it to be. maybe so and that would be great but i just find it odd, like i think some of you are doing too much to idolize celebrities here",celebrities
@thisadamisbald,16:49:08,2024-05-30,"Soon every celebrity will start launching their own memecoins 
@ZentryHQ $ZENT #Zentry $OO $LINGO $QBITZ",celebrities
@iamZiggiZugga,16:49:07,2024-05-30,"""Tay Grin is the only celebrity that we have"". Hard to argue against this.",celebrities
@TippedI34031,16:49:05,2024-05-30,#Celebrities are a significant contributor to the destruction of humanity.,celebrities
@BootySweatQueen,16:49:05,2024-05-30,"$churro is about to be the one you wish you got in earlier , don‚Äôt let the celebrities fool you with theirs 

$bold $shib $pepe $btc $mother $maga $dog $cat",celebrities
@_omondo_,16:49:00,2024-05-30,"I just spun mace in the school talent show so now I‚Äôm a middle school celebrity

Get in line for autographs, plebes.",celebrities
@hy09jlr,16:48:57,2024-05-30,I don't think so it would be murky via the consortium model alongside 49ers commercial agreements and celebrity endorsements - unless they try phase a total buy out but Paraag gets the club so doubt it,celebrities
@Adewalemickey,16:48:41,2024-05-30,Celebrities should place it under a microscope and consider the future outcomes as well.,celebrities
@__LiveLaughLina,16:48:40,2024-05-30,Oud satin mood smell so good.,celebrities
@Jason9877471569,16:48:35,2024-05-30,"Illuminati celebrities/ Actwhores/freemason inverted puppets 

EMMA ELLINGSEN.    MTF",celebrities
@iSunnysidhu,16:48:34,2024-05-30,He always stand with people who need help .During 2014 when no celebrity come with Bhagwant mann he do road show for him.But in his tenure he face investigation for that which is no link with him.,celebrities
@Lgrng0,16:48:33,2024-05-30,What happened after WWII Eliezer?,celebrities
@cgyodial,16:48:30,2024-05-30,Can we direct the attention back to the voices of Palestinians instead of focusing on what celebrities are doing? Like amplify Palestinian  pop stars so streams can go directly to their pockets,celebrities
@Celebritygenie,16:48:30,2024-05-30,Same goes with me too.,celebrities
@Its_meher17,16:48:29,2024-05-30,they dont need to create hungamas as you said they are celebrities so they value our emotions and please apko itni problem ha to create your own acc you dont deserve this,celebrities
@supermassey69,16:48:29,2024-05-30,"You do realize Trump was a celebrity before he became president, right?
Maybe that‚Äôs why you are shocked.",celebrities
@CHINNA745,16:48:23,2024-05-30,Need new friends in twitter Old ones became celebrities. Anyone ? ,celebrities
@divyagarwal09,16:48:23,2024-05-30,"It doesn't matter how many moots we have, but if we have a platform to raise our voice and take a stand against inhumanity, we definitely should. We don't need to be a celebrity to spread awareness, we can also influence people around us.

Our one tweet can make a big difference.",celebrities
@meekajjj,16:48:19,2024-05-30,My celebrity bestie will definitely be Dreka Gates!,celebrities
@twitchejnave,16:48:10,2024-05-30,"bro i don‚Äôt think posting yourself often as social media when you are a celebrity is evident of him having an ego, as mentioned, he likely doesn‚Äôt even run his social media & this is a normal thing",celebrities
@ronnstoppabble,16:48:09,2024-05-30,"I brought up JT because she‚Äôs another celebrity that be calling black girls ugly, you asking me something that I never even talked about so yes you‚Äôre mad",celebrities
@cabron52,16:48:08,2024-05-30,All the people who worship political celebrities like the criminal trump have absolutely nothing going for them in their own personal lives and do not have the ability to problem solve reality. It‚Äôs probably the same situation for those connected to them.,celebrities
@jiwoowithluv,16:48:07,2024-05-30,my tummy hurts i‚Äôm honestly so confused ‚Ä¶ even the most useless celebrities posted that god awful ai pic (which i hate but like i fucking guess),celebrities
